Name,Price,Datetime
LKOH,6400.5,2025-09-15 12:42
LKOH,6400.5,2025-09-15 12:44
LKOH,6398,2025-09-15 12:55
LKOH,6396.5,2025-09-15 12:55
LKOH,6395.5,2025-09-15 13:03
LKOH,6408.5,2025-09-15 13:17
LKOH,6408.5,2025-09-15 13:19
LKOH,6406,2025-09-15 13:21
LKOH,6410,2025-09-15 13:23
LKOH,6418,2025-09-15 14:11
LKOH,6422.5,2025-09-15 14:13
LKOH,6425,2025-09-15 14:15
LKOH,6416.5,2025-09-15 14:17
LKOH,6419.5,2025-09-15 14:19
LKOH,6417.5,2025-09-15 14:22
LKOH,6421.5,2025-09-15 14:24
LKOH,6425.5,2025-09-15 14:26
LKOH,6427.5,2025-09-15 14:28
LKOH,6426,2025-09-15 14:30
LKOH,6426.5,2025-09-15 14:32
LKOH,6423.5,2025-09-15 14:34
LKOH,6425,2025-09-15 14:36
LKOH,6424.5,2025-09-15 14:38
LKOH,6429.5,2025-09-15 14:40
LKOH,6429,2025-09-15 14:42
LKOH,6430,2025-09-15 14:45
LKOH,6432.5,2025-09-15 14:47
LKOH,6429,2025-09-15 14:49
LKOH,6427.5,2025-09-15 14:51
LKOH,6428,2025-09-15 14:53
LKOH,6430.5,2025-09-15 14:55
LKOH,6426,2025-09-15 14:57
LKOH,6429.5,2025-09-15 14:59
LKOH,6435,2025-09-15 15:01
LKOH,6436.5,2025-09-15 15:03
LKOH,6434,2025-09-15 15:05
LKOH,6435,2025-09-15 15:08
LKOH,6431.5,2025-09-15 15:10
LKOH,6434.5,2025-09-15 15:07
LKOH,6430,2025-09-15 15:14
LKOH,6431.5,2025-09-15 15:16
LKOH,6430.5,2025-09-15 15:18
LKOH,6437.5,2025-09-15 15:20
LKOH,6442,2025-09-15 15:22
LKOH,6443.5,2025-09-15 15:24
LKOH,6443.5,2025-09-15 15:26
LKOH,6436,2025-09-15 15:28
LKOH,6437,2025-09-15 15:31
LKOH,6433.5,2025-09-15 15:33
LKOH,6429.5,2025-09-15 15:35
LKOH,6434.5,2025-09-15 15:37
LKOH,6435,2025-09-15 15:39
LKOH,6434,2025-09-15 15:41
LKOH,6434.5,2025-09-15 15:43
LKOH,6435,2025-09-15 15:45
LKOH,6434.5,2025-09-15 15:47
LKOH,6435,2025-09-15 15:49
LKOH,6425.5,2025-09-15 15:52
LKOH,6429.5,2025-09-15 15:53
LKOH,6430,2025-09-15 15:56
LKOH,6431.5,2025-09-15 15:58
LKOH,6430,2025-09-15 16:00
LKOH,6433,2025-09-15 16:02
LKOH,6434,2025-09-15 16:04
LKOH,6433.5,2025-09-15 16:06
LKOH,6432.5,2025-09-15 16:08
LKOH,6433,2025-09-15 16:10
LKOH,6433,2025-09-15 16:10
LKOH,6430,2025-09-15 16:14
LKOH,6428.5,2025-09-15 16:16
LKOH,6429.5,2025-09-15 16:18
LKOH,6430,2025-09-15 16:21
LKOH,6433,2025-09-15 16:23
LKOH,6431.5,2025-09-15 16:25
LKOH,6440,2025-09-15 16:27
LKOH,6440.5,2025-09-15 16:29
LKOH,6444.5,2025-09-15 16:31
LKOH,6411,2025-09-15 16:33
LKOH,6406,2025-09-15 16:35
LKOH,6412.5,2025-09-15 16:37
LKOH,6410,2025-09-15 16:40
LKOH,6405.5,2025-09-15 16:42
LKOH,6411,2025-09-15 16:44
LKOH,6411.5,2025-09-15 16:46
LKOH,6413.5,2025-09-15 16:47
LKOH,6413,2025-09-15 16:50
LKOH,6415,2025-09-15 16:52
LKOH,6410.5,2025-09-15 16:54
LKOH,6403.5,2025-09-15 16:56
LKOH,6402.5,2025-09-15 16:58
LKOH,6403,2025-09-15 16:59
LKOH,6402.5,2025-09-15 17:03
LKOH,6406.5,2025-09-15 17:05
LKOH,6406,2025-09-15 17:07
LKOH,6406.5,2025-09-15 17:09
LKOH,6406,2025-09-15 17:11
LKOH,6406.5,2025-09-15 17:12
LKOH,6405.5,2025-09-15 17:15
LKOH,6395.5,2025-09-15 17:17
LKOH,6398,2025-09-15 17:19
LKOH,6401,2025-09-15 17:21
LKOH,6402,2025-09-15 17:23
LKOH,6404,2025-09-15 17:26
LKOH,6412.5,2025-09-15 17:28
LKOH,6417,2025-09-15 17:30
LKOH,6421.5,2025-09-15 17:32
LKOH,6427,2025-09-15 17:34
LKOH,6428,2025-09-15 17:36
LKOH,6425,2025-09-15 17:38
LKOH,6426.5,2025-09-15 17:40
LKOH,6431.5,2025-09-15 17:42
LKOH,6426,2025-09-15 17:44
LKOH,6429,2025-09-15 17:46
LKOH,6435.5,2025-09-15 17:48
LKOH,6436.5,2025-09-15 17:51
LKOH,6432,2025-09-15 17:53
LKOH,6429.5,2025-09-15 17:55
LKOH,6431,2025-09-15 17:57
LKOH,6423.5,2025-09-15 17:59
LKOH,6427,2025-09-15 18:01
LKOH,6430,2025-09-15 18:03
LKOH,6429.5,2025-09-15 18:05
LKOH,6423.5,2025-09-15 18:07
LKOH,6430.5,2025-09-15 18:09
LKOH,6428,2025-09-15 18:11
LKOH,6427,2025-09-15 18:14
LKOH,6429.5,2025-09-15 18:16
LKOH,6426.5,2025-09-15 18:18
LKOH,6429.5,2025-09-15 18:15
LKOH,6428,2025-09-15 18:22
LKOH,6422,2025-09-15 18:24
LKOH,6417.5,2025-09-15 18:26
LKOH,6421,2025-09-15 18:28
LKOH,6424.5,2025-09-15 18:30
LKOH,6424.5,2025-09-15 18:30
LKOH,6424.5,2025-09-15 18:30
LKOH,6424.5,2025-09-15 18:30
LKOH,6424.5,2025-09-15 18:30
LKOH,6424.5,2025-09-15 18:30
LKOH,6424.5,2025-09-15 18:30
LKOH,6423.5,2025-09-15 18:39
LKOH,6423.5,2025-09-15 18:46
LKOH,6423.5,2025-09-15 18:48
LKOH,6423.5,2025-09-15 18:48
LKOH,6423.5,2025-09-15 18:48
LKOH,6423.5,2025-09-15 18:48
LKOH,6423.5,2025-09-15 18:48
LKOH,6423.5,2025-09-15 18:48
LKOH,6423.5,2025-09-15 18:48
LKOH,6423.5,2025-09-15 18:48
LKOH,6422,2025-09-15 19:06
LKOH,6423,2025-09-15 19:08
LKOH,6422.5,2025-09-15 19:10
LKOH,6423,2025-09-15 19:12
LKOH,6423,2025-09-15 19:14
LKOH,6423,2025-09-15 19:16
LKOH,6427.5,2025-09-15 19:18
LKOH,6430.5,2025-09-15 19:20
LKOH,6432,2025-09-15 19:22
LKOH,6432,2025-09-15 19:24
LKOH,6440,2025-09-15 19:26
LKOH,6440.5,2025-09-15 19:29
LKOH,6431.5,2025-09-15 19:31
LKOH,6435,2025-09-15 19:33
LKOH,6433.5,2025-09-15 19:34
LKOH,6433,2025-09-15 19:37
LKOH,6435,2025-09-15 19:39
LKOH,6434.5,2025-09-15 19:41
LKOH,6432,2025-09-15 19:43
LKOH,6431.5,2025-09-15 19:45
LKOH,6432,2025-09-15 19:47
LKOH,6432,2025-09-15 19:49
LKOH,6432.5,2025-09-15 19:52
LKOH,6436,2025-09-15 19:54
LKOH,6436,2025-09-15 19:56
LKOH,6434.5,2025-09-15 19:57
LKOH,6430.5,2025-09-15 20:00
LKOH,6430.5,2025-09-15 20:02
LKOH,6429,2025-09-15 20:04
LKOH,6430,2025-09-15 20:06
LKOH,6431,2025-09-15 20:08
LKOH,6433.5,2025-09-15 20:10
LKOH,6435,2025-09-15 20:12
LKOH,6435.5,2025-09-15 20:14
LKOH,6436,2025-09-15 20:17
LKOH,6441,2025-09-15 20:19
LKOH,6441.5,2025-09-15 20:21
LKOH,6442,2025-09-15 20:23
LKOH,6437.5,2025-09-15 20:25
LKOH,6439,2025-09-15 20:27
LKOH,6439,2025-09-15 20:29
LKOH,6438.5,2025-09-15 20:31
LKOH,6439,2025-09-15 20:33
LKOH,6438,2025-09-15 20:35
LKOH,6434.5,2025-09-15 20:37
LKOH,6436,2025-09-15 20:40
LKOH,6435,2025-09-15 20:42
LKOH,6435,2025-09-15 20:44
LKOH,6436.5,2025-09-15 20:46
LKOH,6438,2025-09-15 20:48
LKOH,6439.5,2025-09-15 20:50
LKOH,6438.5,2025-09-15 20:52
LKOH,6438.5,2025-09-15 20:53
LKOH,6434.5,2025-09-15 20:56
LKOH,6431.5,2025-09-15 20:58
LKOH,6432,2025-09-15 21:00
LKOH,6432,2025-09-15 21:03
LKOH,6422.5,2025-09-15 21:05
LKOH,6422,2025-09-15 21:06
LKOH,6422.5,2025-09-15 21:09
LKOH,6427,2025-09-15 21:11
LKOH,6424.5,2025-09-15 21:13
LKOH,6424.5,2025-09-15 21:10
LKOH,6428.5,2025-09-15 21:17
LKOH,6426.5,2025-09-15 21:19
LKOH,6427.5,2025-09-15 21:22
LKOH,6428,2025-09-15 21:22
LKOH,6428,2025-09-15 21:25
LKOH,6427,2025-09-15 21:28
LKOH,6427.5,2025-09-15 21:30
LKOH,6423.5,2025-09-15 21:32
LKOH,6422.5,2025-09-15 21:34
LKOH,6422.5,2025-09-15 21:36
LKOH,6422.5,2025-09-15 21:38
LKOH,6424.5,2025-09-15 21:40
LKOH,6418.5,2025-09-15 21:42
LKOH,6415,2025-09-15 21:44
LKOH,6407.5,2025-09-15 21:47
LKOH,6410,2025-09-15 21:49
LKOH,6409.5,2025-09-15 21:51
LKOH,6415,2025-09-15 21:52
LKOH,6411.5,2025-09-15 21:55
LKOH,6411.5,2025-09-15 21:57
LKOH,6410,2025-09-15 21:59
LKOH,6408,2025-09-15 22:03
LKOH,6409,2025-09-15 22:05
LKOH,6408.5,2025-09-15 22:07
LKOH,6409.5,2025-09-15 22:10
LKOH,6410,2025-09-15 22:12
LKOH,6410,2025-09-15 22:13
LKOH,6410,2025-09-15 22:13
LKOH,6410,2025-09-15 22:17
LKOH,6410.5,2025-09-15 22:20
LKOH,6412.5,2025-09-15 22:22
LKOH,6412.5,2025-09-15 22:24
LKOH,6412,2025-09-15 22:25
LKOH,6411,2025-09-15 22:28
LKOH,6412.5,2025-09-15 22:30
LKOH,6412.5,2025-09-15 22:32
LKOH,6412.5,2025-09-15 22:34
LKOH,6412.5,2025-09-15 22:36
LKOH,6413,2025-09-15 22:39
LKOH,6413.5,2025-09-15 22:41
LKOH,6414,2025-09-15 22:43
LKOH,6413.5,2025-09-15 22:44
LKOH,6415.5,2025-09-15 22:47
LKOH,6416,2025-09-15 22:49
LKOH,6416,2025-09-15 22:50
LKOH,6416,2025-09-15 22:50
LKOH,6415,2025-09-15 22:55
LKOH,6415,2025-09-15 22:58
LKOH,6415,2025-09-15 22:59
LKOH,6412,2025-09-15 23:02
LKOH,6410.5,2025-09-15 23:03
LKOH,6411.5,2025-09-15 23:05
LKOH,6414.5,2025-09-15 23:08
LKOH,6414,2025-09-15 23:09
LKOH,6414,2025-09-15 23:12
LKOH,6415,2025-09-15 23:14
LKOH,6415,2025-09-15 23:15
LKOH,6416,2025-09-15 23:18
LKOH,6418,2025-09-15 23:20
LKOH,6418,2025-09-15 23:23
LKOH,6421.5,2025-09-15 23:25
LKOH,6424,2025-09-15 23:27
LKOH,6425,2025-09-15 23:29
LKOH,6425,2025-09-15 23:31
LKOH,6425,2025-09-15 23:33
LKOH,6424,2025-09-15 23:35
LKOH,6425,2025-09-15 23:35
LKOH,6425,2025-09-15 23:35
LKOH,6425,2025-09-15 23:35
LKOH,6425,2025-09-15 23:35
LKOH,6425,2025-09-16 23:35
LKOH,6425,2025-09-16 23:35
LKOH,6425,2025-09-16 23:35
LKOH,6425,2025-09-16 23:35
LKOH,6425,2025-09-16 23:35
LKOH,6425,2025-09-16 23:35
LKOH,6425,2025-09-16 23:35
LKOH,6425,2025-09-16 23:35
LKOH,6425,2025-09-16 23:35
LKOH,6425,2025-09-16 23:35
LKOH,6425,2025-09-16 23:35
LKOH,6425,2025-09-16 23:35
LKOH,6425,2025-09-16 23:35
LKOH,6425,2025-09-16 23:35
LKOH,6425,2025-09-16 23:35
LKOH,6425,2025-09-16 23:35
LKOH,6425,2025-09-16 23:35
LKOH,6425,2025-09-16 23:35
LKOH,6425,2025-09-16 23:35
LKOH,6425,2025-09-16 23:35
LKOH,6425,2025-09-16 23:35
LKOH,6425,2025-09-16 23:35
LKOH,6425,2025-09-16 23:35
LKOH,6425,2025-09-16 23:35
LKOH,6425,2025-09-16 23:35
LKOH,6425,2025-09-16 23:35
LKOH,6425,2025-09-16 23:35
LKOH,6425,2025-09-16 23:35
LKOH,6425,2025-09-16 23:35
LKOH,6425,2025-09-16 23:35
LKOH,6425,2025-09-16 23:35
LKOH,6425,2025-09-16 23:35
LKOH,6425,2025-09-16 23:35
LKOH,6425,2025-09-16 23:35
LKOH,6425,2025-09-16 23:35
LKOH,6425,2025-09-16 23:35
LKOH,6425,2025-09-16 23:35
LKOH,6425,2025-09-16 23:35
LKOH,6425,2025-09-16 23:35
LKOH,6425,2025-09-16 23:35
LKOH,6425,2025-09-16 23:35
LKOH,6425,2025-09-16 23:35
LKOH,6425,2025-09-16 23:35
LKOH,6425,2025-09-16 23:35
LKOH,6425,2025-09-16 23:35
LKOH,6425,2025-09-16 23:35
LKOH,6425,2025-09-16 23:35
LKOH,6425,2025-09-16 23:35
LKOH,6425,2025-09-16 23:35
LKOH,6425,2025-09-16 23:35
LKOH,6425,2025-09-16 23:35
LKOH,6425,2025-09-16 23:35
LKOH,6425,2025-09-16 23:35
LKOH,6425,2025-09-16 23:35
LKOH,6425,2025-09-16 23:35
LKOH,6425,2025-09-16 23:35
LKOH,6425,2025-09-16 23:35
LKOH,6425,2025-09-16 23:35
LKOH,6425,2025-09-16 23:35
LKOH,6425,2025-09-16 23:35
LKOH,6425,2025-09-16 23:35
LKOH,6425,2025-09-16 23:35
LKOH,6425,2025-09-16 23:35
LKOH,6425,2025-09-16 23:35
LKOH,6425,2025-09-16 23:35
LKOH,6425,2025-09-16 23:35
LKOH,6425,2025-09-16 23:35
LKOH,6425,2025-09-16 23:35
LKOH,6425,2025-09-16 23:35
LKOH,6425,2025-09-16 23:35
LKOH,6425,2025-09-16 23:35
LKOH,6425,2025-09-16 23:35
LKOH,6425,2025-09-16 23:35
LKOH,6425,2025-09-16 23:35
LKOH,6425,2025-09-16 23:35
LKOH,6425,2025-09-16 23:35
LKOH,6425,2025-09-16 23:35
LKOH,6425,2025-09-16 23:35
LKOH,6425,2025-09-16 23:35
LKOH,6425,2025-09-16 23:35
LKOH,6425,2025-09-16 23:35
LKOH,6425,2025-09-16 23:35
LKOH,6425,2025-09-16 23:35
LKOH,6425,2025-09-16 23:35
LKOH,6425,2025-09-16 23:35
LKOH,6425,2025-09-16 23:35
LKOH,6425,2025-09-16 23:35
LKOH,6425,2025-09-16 23:35
LKOH,6425,2025-09-16 23:35
LKOH,6425,2025-09-16 23:35
LKOH,6425,2025-09-16 23:35
LKOH,6425,2025-09-16 23:35
LKOH,6425,2025-09-16 23:35
LKOH,6425,2025-09-16 23:35
LKOH,6425,2025-09-16 23:35
LKOH,6425,2025-09-16 23:35
LKOH,6425,2025-09-16 23:35
LKOH,6425,2025-09-16 23:35
LKOH,6425,2025-09-16 23:35
LKOH,6425,2025-09-16 23:35
LKOH,6425,2025-09-16 23:35
LKOH,6425,2025-09-16 23:35
LKOH,6425,2025-09-16 23:35
LKOH,6425,2025-09-16 23:35
LKOH,6425,2025-09-16 23:35
LKOH,6425,2025-09-16 23:35
LKOH,6425,2025-09-16 23:35
LKOH,6425,2025-09-16 23:35
LKOH,6425,2025-09-16 23:35
LKOH,6425,2025-09-16 23:35
LKOH,6425,2025-09-16 23:35
LKOH,6425,2025-09-16 23:35
LKOH,6425,2025-09-16 23:35
LKOH,6425,2025-09-16 23:35
LKOH,6425,2025-09-16 23:35
LKOH,6425,2025-09-16 23:35
LKOH,6425,2025-09-16 23:35
LKOH,6425,2025-09-16 23:35
LKOH,6425,2025-09-16 23:35
LKOH,6425,2025-09-16 23:35
LKOH,6425,2025-09-16 23:35
LKOH,6425,2025-09-16 23:35
LKOH,6425,2025-09-16 23:35
LKOH,6425,2025-09-16 23:35
LKOH,6425,2025-09-16 23:35
LKOH,6425,2025-09-16 23:35
LKOH,6425,2025-09-16 23:35
LKOH,6425,2025-09-16 23:35
LKOH,6425,2025-09-16 23:35
LKOH,6425,2025-09-16 23:35
LKOH,6425,2025-09-16 23:35
LKOH,6425,2025-09-16 23:35
LKOH,6425,2025-09-16 23:35
LKOH,6425,2025-09-16 23:35
LKOH,6425,2025-09-16 23:35
LKOH,6425,2025-09-16 23:35
LKOH,6425,2025-09-16 23:35
LKOH,6425,2025-09-16 23:35
LKOH,6425,2025-09-16 23:35
LKOH,6425,2025-09-16 23:35
LKOH,6425,2025-09-16 23:35
LKOH,6425,2025-09-16 23:35
LKOH,6425,2025-09-16 23:35
LKOH,6425,2025-09-16 23:35
LKOH,6425,2025-09-16 23:35
LKOH,6425,2025-09-16 23:35
LKOH,6425,2025-09-16 23:35
LKOH,6425,2025-09-16 23:35
LKOH,6425,2025-09-16 23:35
LKOH,6425,2025-09-16 23:35
LKOH,6425,2025-09-16 23:35
LKOH,6425,2025-09-16 23:35
LKOH,6425,2025-09-16 23:35
LKOH,6425,2025-09-16 23:35
LKOH,6425,2025-09-16 23:35
LKOH,6425,2025-09-16 23:35
LKOH,6425,2025-09-16 23:35
LKOH,6425,2025-09-16 23:35
LKOH,6425,2025-09-16 23:35
LKOH,6425,2025-09-16 23:35
LKOH,6425,2025-09-16 23:35
LKOH,6425,2025-09-16 23:35
LKOH,6425,2025-09-16 23:35
LKOH,6425,2025-09-16 23:35
LKOH,6425,2025-09-16 23:35
LKOH,6425,2025-09-16 23:35
LKOH,6425,2025-09-16 23:35
LKOH,6425,2025-09-16 23:35
LKOH,6425,2025-09-16 23:35
LKOH,6425,2025-09-16 23:35
LKOH,6425,2025-09-16 23:35
LKOH,6425,2025-09-16 23:35
LKOH,6425,2025-09-16 23:35
LKOH,6425,2025-09-16 23:35
LKOH,6425,2025-09-16 23:35
LKOH,6424,2025-09-16 23:44
LKOH,6425,2025-09-16 23:35
LKOH,6425,2025-09-16 23:35
LKOH,6425,2025-09-16 23:35
LKOH,6424,2025-09-16 23:44
LKOH,6424,2025-09-16 23:44
LKOH,6424,2025-09-16 23:44
LKOH,6424,2025-09-16 23:44
LKOH,6424,2025-09-16 23:44
LKOH,6427,2025-09-16 07:00
LKOH,6436.5,2025-09-16 07:02
LKOH,6438,2025-09-16 07:04
LKOH,6436,2025-09-16 07:11
LKOH,6435.5,2025-09-16 07:13
LKOH,6435,2025-09-16 07:15
LKOH,6436,2025-09-16 07:17
LKOH,6437,2025-09-16 07:19
LKOH,6436.5,2025-09-16 07:22
LKOH,6436,2025-09-16 07:24
LKOH,6436,2025-09-16 07:26
LKOH,6435,2025-09-16 07:28
LKOH,6434,2025-09-16 07:30
LKOH,6435,2025-09-16 07:34
LKOH,6435,2025-09-16 07:36
LKOH,6433.5,2025-09-16 07:38
LKOH,6432,2025-09-16 07:40
LKOH,6435,2025-09-16 07:43
LKOH,6435,2025-09-16 07:44
LKOH,6429,2025-09-16 07:46
LKOH,6430.5,2025-09-16 07:49
LKOH,6434.5,2025-09-16 07:53
LKOH,6434.5,2025-09-16 07:55
LKOH,6434.5,2025-09-16 07:57
LKOH,6434,2025-09-16 07:59
LKOH,6433.5,2025-09-16 08:01
LKOH,6433.5,2025-09-16 08:03
LKOH,6434.5,2025-09-16 08:05
LKOH,6433,2025-09-16 08:07
LKOH,6432.5,2025-09-16 08:10
LKOH,6431.5,2025-09-16 08:12
LKOH,6432,2025-09-16 08:13
LKOH,6452.5,2025-09-16 08:16
LKOH,6453,2025-09-16 08:18
LKOH,6453.5,2025-09-16 08:20
LKOH,6450.5,2025-09-16 08:22
